{"$schema":"http://schema.management.azure.com/schemas/2015-01-01/deploymentTemplate.json#","contentVersion":"1.0.0.0","parameters":{"https://raw.githubusercontent.com/MicrosoftLearning/dp-data/main/sales.csv raf.w":{"type":"string"},"lakehousePipeline":{"type":"string"}},"variables":{},"resources":[{"name":"Ingest Sales Data","type":"pipelines","apiVersion":"2018-06-01","properties":{"activities":[{"name":"Copy_p7p","type":"Copy","dependsOn":[{"activity":"Delete old files","dependencyConditions":["Completed"]}],"policy":{"timeout":"0.12:00:00","retry":0,"retryIntervalInSeconds":30,"secureOutput":false,"secureInput":false},"typeProperties":{"source":{"type":"DelimitedTextSource","storeSettings":{"type":"HttpReadSettings","requestMethod":"GET"},"formatSettings":{"type":"DelimitedTextReadSettings","skipLineCount":0},"datasetSettings":{"annotations":[],"type":"DelimitedText","typeProperties":{"location":{"type":"HttpServerLocation"},"columnDelimiter":",","rowDelimiter":"\n","escapeChar":"\\","firstRowAsHeader":true,"quoteChar":"\""},"schema":[],"externalReferences":{"connection":"[parameters('https://raw.githubusercontent.com/MicrosoftLearning/dp-data/main/sales.csv raf.w')]"}}},"sink":{"type":"DelimitedTextSink","storeSettings":{"type":"LakehouseWriteSettings"},"formatSettings":{"type":"DelimitedTextWriteSettings","quoteAllText":true,"fileExtension":".txt"},"datasetSettings":{"annotations":[],"linkedService":{"name":"lakehousePipeline","properties":{"annotations":[],"type":"Lakehouse","typeProperties":{"workspaceId":"b6757fea-f900-41ce-8d03-d7f6bec7df10","artifactId":"[parameters('lakehousePipeline')]","rootFolder":"Files"}}},"type":"DelimitedText","typeProperties":{"location":{"type":"LakehouseLocation","fileName":"sales.csv","folderPath":"new_data"},"columnDelimiter":",","rowDelimiter":"\n","escapeChar":"\\","firstRowAsHeader":true,"quoteChar":"\""},"schema":[]}},"enableStaging":false,"translator":{"type":"TabularTranslator","typeConversion":true,"typeConversionSettings":{"allowDataTruncation":true,"treatBooleanAsNumber":false}}}},{"name":"Delete old files","type":"Delete","dependsOn":[],"policy":{"timeout":"0.12:00:00","retry":0,"retryIntervalInSeconds":30,"secureOutput":false,"secureInput":false},"typeProperties":{"datasetSettings":{"annotations":[],"linkedService":{"name":"lakehousePipeline","properties":{"annotations":[],"type":"Lakehouse","typeProperties":{"workspaceId":"b6757fea-f900-41ce-8d03-d7f6bec7df10","artifactId":"[parameters('lakehousePipeline')]","rootFolder":"Files"}}},"type":"Binary","typeProperties":{"location":{"type":"LakehouseLocation","fileName":"*.csv","folderPath":"new_data"}}},"enableLogging":false,"storeSettings":{"type":"LakehouseReadSettings","recursive":true,"enablePartitionDiscovery":false}}},{"name":"Load Sales notebook","type":"TridentNotebook","dependsOn":[{"activity":"Copy_p7p","dependencyConditions":["Completed"]}],"policy":{"timeout":"0.12:00:00","retry":0,"retryIntervalInSeconds":30,"secureOutput":false,"secureInput":false},"typeProperties":{"notebookId":"f514403d-c1d9-46b4-94ca-bdd5b4e5a664","workspaceId":"b6757fea-f900-41ce-8d03-d7f6bec7df10","parameters":{"table_name":{"value":"new_sales","type":"string"}}}}],"lastModifiedByObjectId":"61a9cdc0-2c21-4f9e-8dcc-c7dc0404c72b","lastPublishTime":"2024-12-09T02:51:51Z","extraTridentInfo":"{\"folderObjectId\":\"b6757fea-f900-41ce-8d03-d7f6bec7df10\",\"capacityObjectId\":\"3174A928-F490-4034-93D6-5B8F935313F8\",\"artifactType\":\"Pipeline\",\"provisionState\":\"Active\",\"lastUpdatedDate\":\"2024-12-09T02:51:52.427Z\",\"createdDate\":\"2024-12-09T02:51:47.927Z\",\"ownerUser\":{\"id\":1576138,\"name\":\"Rafael Silva Willians\",\"objectId\":\"61a9cdc0-2c21-4f9e-8dcc-c7dc0404c72b\",\"userPrincipalName\":\"raf.will@z8sn6.onmicrosoft.com\",\"aadAppId\":null,\"type\":null},\"ownerUserId\":1576138,\"createdByUser\":{\"id\":1576138,\"name\":\"Rafael Silva Willians\",\"objectId\":\"61a9cdc0-2c21-4f9e-8dcc-c7dc0404c72b\",\"userPrincipalName\":\"raf.will@z8sn6.onmicrosoft.com\",\"aadAppId\":null,\"type\":null},\"createdByUserId\":1576138,\"modifiedByUser\":{\"id\":1576138,\"name\":\"Rafael Silva Willians\",\"objectId\":\"61a9cdc0-2c21-4f9e-8dcc-c7dc0404c72b\",\"userPrincipalName\":\"raf.will@z8sn6.onmicrosoft.com\",\"aadAppId\":null,\"type\":null},\"modifiedByUserId\":1576138,\"permissions\":71,\"artifactPermissions\":7,\"systemArtifactType\":\"None\",\"etag\":\"\\\"C05E9C2FE9124D5FB0569CF34950B746\\\"\"}"},"dependsOn":[]}]}