{"$schema":"http://schema.management.azure.com/schemas/2015-01-01/deploymentTemplate.json#","contentVersion":"1.0.0.0","parameters":{},"variables":{},"resources":[{"name":"Load data","type":"pipelines","apiVersion":"2018-06-01","properties":{"activities":[{"name":"Dataflow1","type":"RefreshDataflow","dependsOn":[],"policy":{"timeout":"0.12:00:00","retry":0,"retryIntervalInSeconds":30,"secureOutput":false,"secureInput":false},"typeProperties":{"dataflowId":"21b55324-6465-4fa6-8b93-829755204ccc","workspaceId":"541594d7-1754-4d54-98e9-cca408de132d","notifyOption":"NoNotification"}}],"lastModifiedByObjectId":"61a9cdc0-2c21-4f9e-8dcc-c7dc0404c72b","lastPublishTime":"2024-12-09T15:40:56Z","extraTridentInfo":"{\"folderObjectId\":\"541594d7-1754-4d54-98e9-cca408de132d\",\"capacityObjectId\":\"3174A928-F490-4034-93D6-5B8F935313F8\",\"artifactType\":\"Pipeline\",\"provisionState\":\"Active\",\"lastUpdatedDate\":\"2024-12-09T15:40:56.734Z\",\"createdDate\":\"2024-12-09T15:39:13.265Z\",\"ownerUser\":{\"id\":1576138,\"name\":\"Rafael Silva Willians\",\"objectId\":\"61a9cdc0-2c21-4f9e-8dcc-c7dc0404c72b\",\"userPrincipalName\":\"raf.will@z8sn6.onmicrosoft.com\",\"aadAppId\":null,\"type\":null},\"ownerUserId\":1576138,\"createdByUser\":{\"id\":1576138,\"name\":\"Rafael Silva Willians\",\"objectId\":\"61a9cdc0-2c21-4f9e-8dcc-c7dc0404c72b\",\"userPrincipalName\":\"raf.will@z8sn6.onmicrosoft.com\",\"aadAppId\":null,\"type\":null},\"createdByUserId\":1576138,\"modifiedByUser\":{\"id\":1576138,\"name\":\"Rafael Silva Willians\",\"objectId\":\"61a9cdc0-2c21-4f9e-8dcc-c7dc0404c72b\",\"userPrincipalName\":\"raf.will@z8sn6.onmicrosoft.com\",\"aadAppId\":null,\"type\":null},\"modifiedByUserId\":1576138,\"permissions\":71,\"artifactPermissions\":7,\"systemArtifactType\":\"None\",\"etag\":\"\\\"0ebd6b9642bf4cb6bb0616b21a229b1f\\\"\"}"},"dependsOn":[]}]}